dish_type_id,dish_type_name,restaurant_id
5105617,Yaourt,1151614
5105618,Soda,1151614
5105611,Tr√†,1151614
5105615,C√† ph√™,1151614
5096002,Menu,1151589
5089105,N∆∞·ªõc √©p (L),1000058505
5089114,Sinh t·ªë ( L),1000058505
5089115,ƒê·∫∑c bi·ªát,1000058505
5089102,C√† ph√™,1000058505
5082954,M√≥n ch√≠nh,1151499
5082958,M√≥n th√™m,1151499
5082962,Th·ª©c u·ªëng,1151499
5082792,Menu,1151479
5135638,Drinking¬†From¬†The¬†Bottles,1000058405
5062962,Cake,1000058405
5076098,Coffee¬†And¬†Another¬†Drink,1000058405
5059525,L·∫©u,1151272
5059526,M√≥n ƒÉn k√®m,1151272
5059507,Khai v·ªã,1151272
5059508,Roll,1151272
5059512,S√∫p,1151272
5059514,G·ªèi,1151272
5059517,M√≥n Ch√≠nh,1151272
5099332,CH√à¬†D·ª™A¬†N∆Ø·ªöC¬†(MIX),1151257
5099333,CH√à¬†D·ª™A¬†D·∫¶M¬†(MIX),1151257
5099335,CH√à¬†D·ª™A¬†N∆Ø·ªöC¬†(MIX)¬†&¬†FLAN,1151257
5099336,S√ÇM¬†(MIX),1151257
5099337,RAU¬†M√Å¬†(MIX),1151257
5099339,N∆Ø·ªöC¬†D·ª™A¬†(MIX),1151257
5099341,TR√Ä¬†(MIX),1151257
5099342,S·ªÆA¬†T∆Ø∆†I¬†(MIX),1151257
5059379,Menu,1151257
5052895,B√ÅNH¬†ƒêA¬†CUA,1151212
5052894,B√öN,1151212
5089279,Gi·∫£i kh√°t,1151212
5052832,S·∫¶U RI√äNG TH√ÅI B√âO,1151199
5052833,S·∫¶U NGUY√äN TR√ÅI,1151199
5052822,S·∫¶U RI√äNG RI 6 MI·ªÄN T√ÇY,1151199
5052823,M√çT TH√ÅI CH√çN C√ÇY,1151199
5052829,B∆Ø·ªûI DA XANH,1151199
5052831,COMBO SI√äU NGON - SI√äU R·∫∫,1151199
5052796,Menu,1151197
-1,M√≥n ƒêang Gi·∫£m,1037759
1861893,COMBO [A ƒê√ÇY R·ªíI],1037759
2261207,COMBO MIX,1037759
3745602,SET MENU [GIA ƒê√åNH],1037759
3745679,S√öP,1037759
3745745,B√ÅNH CANH CUA,1037759
1212925,M√ìN ƒÇN CH∆†I ,1037759
2174808,·ªêC,1037759
2224310,S√í,1037759
2224514,H√ÄU / V·∫∏M,1037759
2224314,NGAO / NGH√äU,1037759
1838235,CUA,1037759
2224769,T√îM,1037759
2224770,M·ª∞C,1037759
2257801,G·ªéI / SALAD,1037759
1838234,RAU,1037759
1228412,M√å / MI·∫æN,1037759
2257891,X√îI / C∆†M,1037759
2224758,CH√ÅO / C√ÄRI,1037759
2261174,L·∫®U,1037759
1833058,M√ìN G·ªåI TH√äM,1037759
1228302,GI·∫¢I KH√ÅT,1037759
465933,Best Sellers,803810
465932,Sinh t·ªë,803810
465931,N∆∞·ªõc √©p,803810
768078,M√≥n Alacarte,977752
1010910,C∆°m chi√™n,977752
768077,C∆°m tr∆∞a vƒÉn ph√≤ng,977752
768083,N∆∞·ªõc gi·∫£i kh√°t,977752
685842,NG√îI SAO S√ÄI G√íN,943283
685804,S√ÄI G√íN NƒÇM 1945,943283
1328800,S√ÄI G√íN T√ÇN TH·ªúI,943283
1328810,S√ÄI G√íN ƒê·ªÜ NH·ª®T ·∫®M TH·ª∞C,943283
592810,Menu,910069
3523296,Signature,1135074
3523298,B√°nh n∆∞·ªõng,1135074
3523303,ƒê·ªì u·ªëng,1135074
3523291,B√°nh h·∫°t - cookies,1135074
3523292,B√°nh l·∫°nh,1135074
3523294,Menu,1135074
3989820,Tr√†,1140812
3989826,S·ªØa chua,1140812
3989828,M√≥n n∆∞·ªõc quen thu·ªôc,1140812
3989836,ƒÇn v·∫∑t,1140812
3991986,C√† ph√™,1140812
1742276,Menu ,1077157
1742277,Th·ª©c u·ªëng,1077157
217482,M√≥n ƒÉn,234208
2035648,C√°c lo·∫°i ch√® (theo ng√†y),1101770
2035619,ƒêi·ªÉm t√¢m s√°ng,1101770
2035624,Soup,1101770
2035625,G·ªèi,1101770
2035626,C√°c m√≥n ƒÉn ch∆°i,1101770
2035627,B√∫n - M√¨ x√†o,1101770
2035628,C∆°m,1101770
2035637,C√°c m√≥n rau x√†o,1101770
2035640,C√°c m√≥n chi√™n kho,1101770
2035643,Canh,1101770
2035644,C√°c m√≥n th√™m,1101770
2035645,L·∫©u,1101770
2035646,N∆∞·ªõc gi·∫£i kh√°t,1101770
4099900,Syphon,1142770
4099906,French press,1142770
4099910,Moka pot,1142770
4099914,Nitro cold brew,1142770
4099919,Topping,1142770
4099923,S·∫£n ph·∫©m ƒë√≥ng g√≥i,1142770
4025793,M√≥n m·ªõi n√™n th·ª≠,993432
1018741,Tr√† Tr√°i C√¢y,993432
1018740,Tr√† s·ªØa,993432
3559252,TR√Ä D√ÇU SI√äU NGON,993432
1024834,Tr√†,993432
2439429,LATTE,993432
1025728,S·ªØa t∆∞∆°i,993432
1766953,T·∫ÆC M·∫¨T ONG,993432
1828898,Tr√† B∆∞·ªüi,993432
2439426,TR√Ä KEM CHEESE SI√äU NGON,993432
1333240,MENU GI√í,2360
1333241,MENU CH·∫¢,2360
1333271,M√ìN NGON K·∫∏P CH·∫¢,2360
1333244,MENU X√îI,2360
1333246,MENU B√ÅNH,2360
1333245,CH√à,2360
1333267,TR√Ä,2360
1333265,M√ìN KH√ÅC,2360
1588404,Combo Ph·∫£i Th·ª≠,1791
5813,C∆°m T·∫•m ,1791
5808,Canh Ki·ªÅu Giang,1791
68402,M√≥n B√≤,1791
68406,M√≥n C√° Chi√™n,1791
68403,M√≥n C√° Kho,1791
68409,M√≥n Chay,1791
68405,M√≥n G√†,1791
5809,M√≥n Heo,1791
68433,M√≥n Kh√°c,1791
68407,Rau X√†o,1791
68408,Rau Lu·ªôc,1791
84213,M√≥n Th√™m ,1791
84212,Gi·∫£i Kh√°t,1791
3711597,N∆∞·ªõc Ng·ªçt,1791
84211,Sinh T·ªë,1791
3480959,Tr√°ng Mi·ªáng,1791
1765641,Salad v√† soup ,752403
2230894,Gourmet Burger - Burger cao c·∫•p,752403
2240034,Pizza (20cm),752403
1765648,Spaghetti,752403
1765633,Chef's selective steaks (200gr),752403
1765638,M√≥n ch√≠nh kh√°c - other maincourses,752403
1765640,Khai v·ªã - appetizers ,752403
1765650,M√≥n ƒÉn k√®m,752403
23692,APPETIZERS,198172
23694,SALADS,198172
23717,SOUPS,198172
360558,CURRY,198172
23700,MAINS,198172
360559,NOODLES & RICE,198172
23718,SIDE DISHES,198172
23719,DESSERTS,198172
38578,ANH TUKK COOLERS,198172
38579,FRESH JUICES,198172
38582,SMOOTHIES,198172
23720,COFFEE,198172
42720,SOFT DRINKS,198172
615010,Salad,159197
615009,Easy Going,159197
621299,BBQ Singles,159197
1355593,BBQ Platters,159197
1355594,To share,159197
1355614,Pasta,159197
1810158,combo,930877
1423522,Khai V·ªã,710328
1423519,G·ªèi,710328
1423512,M√≥n Ch√≠nh,710328
1423594,M√≥n Rau,710328
1423595,M√≥n Canh,710328
1423597,C∆°m,710328
1423598,M√≥n Chay,710328
527533,APPETIZERS,799212
527535,DRINK LIST,799212
527536,MAIN COURSES,799212
527537,SALAD,799212
527538,SIDE ORDER,799212
527539,SOUP,799212
527540,SPAGHETTI / RICE / SANDWICHES,799212
1397600,M√≥n chay - Vegetarian Dishes,39109
1397283,M√≥n b√≤ - Beef Dishes,39109
1397124,G·ªèi cu·ªën - Wrap & Roll,39109
1397765,M√≥n kh√°c - Other,39109
1397575,M√≥n canh - VN Soup Dishes,39109
1397226,M√≥n heo - Pork Dishes,39109
1397963,C√† ph√™ - Coffees,39109
1397421,G√† & V·ªãt - Chicken & Duck Dishes,39109
1397966,Tr√°ng mi·ªáng - Desserts,39109
1397935,N∆∞·ªõc √©p tr√°i c√¢y t∆∞∆°i - Fresh Fruit Juices,39109
1397522,H·∫£i s·∫£n & C√° - Seafood & Fish,39109
1397939,N∆∞·ªõc √©p t·ªïng h·ª£p - Mixed Juices,39109
1397172,M√≥n g·ªèi - Vietnamese Salad,39109
1397621,M√≥n rau - Vegetable Dishes,39109
1397942,Sinh t·ªë tr√°i c√¢y - Smoothies,39109
1397591,"C∆°m, Mi·∫øn, M√¨ & L·∫©u",39109
1397947,N∆∞·ªõc ng·ªçt - Soft Drinks,39109
1868108,Best Seller,1472
495,Sandwiches served with cole slaw,1472
11168,Sandwiches served with green salad,1472
500,Salads with a twist,1472
501,Original Salads,1472
453,Main dishes,1472
11159,Pastas,1472
11160,Kebabs,1472
171595,Side Orders,1472
172023,Desserts,1472
172044,Juices,1472
172300,Coffee & Chocolate,1472
451177,Teas,1472
172778,Soft drinks,1472
199891,Dip & Starters,1472
199788,Breakfast Menu,1472
199849,Extras ,1472
2553244,The Specials Of The Day,1472
626414,Ch√°o ·∫øch Singapore,923676
757855,M√≥n ƒÉn,923676
626422,M√≥n th√™m,923676
626425,Dimsum - M√≥n h·∫•p,923676
626433,Dimsum - M√≥n chi√™n,923676
626435,M√≥n ng·ªçt,923676
626439,M√≥n ch√°o,923676
626441,M√≥n ƒÉn nh·∫π,923676
626444,Rau c·∫£i x√†o,923676
626449,M√≥n canh - Ti·ªÅm,923676
626451,A la carte,923676
626453,C∆°m,923676
626455,H·ªß ti·∫øu - M√¨,923676
626457,Th·ª©c u·ªëng,923676
1523221,M√ìN ƒê·∫∂C BI·ªÜT,1063192
1523219,M√ìN N∆Ø·ªöNG,1063192
1523222,RAU,1063192
1523224,L·∫®U,1063192
1523225,M√ìN ƒÇN CH∆†I,1063192
1523226,CH√ÅO,1063192
1523227,SALAD,1063192
1523228,·ªêC,1063192
1523229,ƒê·ªí U·ªêNG,1063192
3504413,ƒê∆Ø·ªúNG PH·ªê S√ÄI G√íN,277931
3504419,C√ÅC M√ìN G·ªéI - Salad,277931
3504423,M√ìN X√àO X√àO - Sizzling,277931
3504425,B√öN,277931
3504427,M√å/MI·∫æN/NUI,277931
3504429,PH∆†Ãâ BOÃÄ,277931
3504433,CH√ÅO,277931
3504436,C∆†M T·∫§M,277931
3504440,C∆†M & C∆†M CHI√äN,277931
3504498,L·∫®U,277931
3504511,B√ÅNH X√àO & B√ÅNH KH·ªåT,277931
3504517,M√ìN CHAY,277931
3504530,TR√ÅNG MI·ªÜNG,277931
3504566,GI·∫¢I KH√ÅT,277931
1124599,APPETIZERS,723540
1034573,NOODLES,723540
1034576,RICE DISHES,723540
1034577,TEPPANYAKI RICE,723540
1266219,M√å X√ÄO - WOK NOODLE,723540
1034580,DESSERT,723540
1034581,DRINK,723540
3450882,02 Best sellers - ∆Øu ƒë√£i nh√¢n ƒë√¥i,1134212
3450891,BEST SELLER (SELECTED),1134212
4544724,COMBO 4 LY SIZE L,1134212
3450881,Instaint Milktea,1134212
3450883,M√ìN ƒÇN V·∫∂T MAMAJOY,1134212
3450885,S·∫¢N PH·∫®M M·ªöI ,1134212
5002973,Combo M1T1 - Instant Milktea,1134212
3450887,MILK COFFEE,1134212
3450888,S·ªÆA CHUA D·∫∫O,1134212
3450896,FRESH FRUIT TEA,1134212
3450901,MILK TEA,1134212
3450917,MACCHIATO CREAM CHEESE,1134212
1836632,SIGNATURE,1036125
1205744,HANDCRAFTED COFFEE,1036125
1205759,ESPRESSO BASED COFFEE,1036125
1205748,TRADITIONAL VIETNAMESE COFFEE,1036125
1205745,ICE DRIP COFFEE ,1036125
1205780,MELLOWER FRAPPE,1036125
1205756,OTHER DRINKS,1036125
1205778,TEA MACCHIATO,1036125
1345607,TROPICAL TEA,1036125
1205754,RONNEFELDT TEA,1036125
1579337,ROOIBOS TEA,1036125
1247376,TART,1036125
1247439,DESSERTS,1036125
1808997,COFFEE GROUND,1036125
1247460,COFFEE BEANS CAN,1036125
1804818,COFFEE BEANS BAG,1036125
1843235,DRIP BAG COFFEE BOX ,1036125
1828521,COFFEE BREWING TOOLS,1036125
1828486,MELLOWER MERCHANDISE,1036125
-1,M√≥n ƒêang Gi·∫£m,1000052136
3538673,Th·ªãt n∆∞·ªõng & b√°nh,1000052136
3616341,Khoai t√¢y chi√™n ki·ªÉu B·ªâ,1000052136
3538787,Th·ªãt n∆∞·ªõng & kh√¥ng ph·∫£i b√°nh,1000052136
3538877,N∆∞·ªõc u·ªëng & tr√°ng mi·ªáng,1000052136
315134,V·ªãt,751488
315133,Heo,751488
315132,G√†,751488
315131,M√≥n kh√°c,751488
315130,M√≥n g·ªçi th√™m,751488
738336,M√≥n M·∫Øm T·ªèi,905257
2285980,Menu C∆°m Heo,905257
584791,Menu C∆°m G√†,905257
2956414,Canh ,905257
1753327,Menu,1000024209
-1,M√≥n ƒêang Gi·∫£m,1118219
2521123,B√°nh M√¨ ∆†i,1118219
2546763,Th·ª©c U·ªëng,1118219
2755000,Combo,1118219
2866490,ƒÇn V·∫∑t,1118219
-1,M√≥n ƒêang Gi·∫£m,1129750
3221150,B√ÅNH M√å 611,1129750
3398800,COMBO B√ÅNH + S·ªÆA ƒê·∫¨U N√ÄNH,1129750
3399004,S·ªÆA ƒê·∫¨U N√ÄNH,1129750
3408466,COMBO¬†BENTO,1129750
3408482,B√ÅNH BURGER,1129750
3945387,B√°nh M√¨ Que,1129750
3960462,B√°nh M√¨ ƒê√≥ng G√≥i ,1129750
4570408,Cafe,1129750
4576902,Combo ƒê·ªìng Gi√° ƒê·∫∑c Bi·ªát,1129750
2263050,B√ÅNH M√å,1108831
2263052,B√ÅNH BAO,1108831
2364321,COMBO,1108831
2205853,ƒê·ªí NGU·ªòI,1108831
2900984,M√ìN NGON NG√ÄY T·∫æT,1108831
2831022,üç≥ B√í N√â CH·∫¢O,1000046227
3854045,üç≥ M√å NUI X√ÄO,1000046227
2831026,üç≥ M√ìN TH√äM,1000046227
5019450,ü•• KEM X√îI D·ª™A,1000046227
2831028,ü•§ C√Ä PH√ä VI·ªÜT NAM,1000046227
2831039,ü•§ N∆Ø·ªöC GI·∫¢I KH√ÅT,1000046227
2831033,ü•§ SODA √ù,1000046227
3651058,ü•§ KH√ÅC,1000046227
1724112,B√∫n Th√°i Cay,1075970
1724104,H·ªß Ti·∫øu Nam Vang,1075970
1759168,Ho√†nh Th√°nh,1075970
1724110,M√¨ Ho√†nh Th√°nh,1075970
1745869,Ch√® - Rau C√¢u - Tr√† S·ªØa,1075970
1728539,Ch√°o ·∫æch Singapore H·∫° V≈© - H∆∞∆°ng V·ªã B√≠ Truy·ªÅn,1076325
3306515,C∆°m ·∫æch Singapore H·∫° V≈© - Gia V·ªã B√≠ Truy·ªÅn,1076325
1728542,M√≥n ƒÇn Th√™m - H·∫° V≈©,1076325
4733574,DEAL HOT ,1044073
1258117,C∆°m t·∫•m,1044073
1258123,Combo h·∫•p d·∫´n,1044073
1258111,No N√™ C·∫£ Nh√†- Kh√¥ng Lo Covi,1044073
1258116,M√≥n th√™m,1044073
1258112,Th·ª©c u·ªëng,1044073
1741281,ƒê√Å XAY,1075823
1741284,YOGURT ,1075823
1741285,N∆Ø·ªöC √âP,1075823
1741286,SINH T·ªê,1075823
1741288,TR√Ä C√ÅC LO·∫†I,1075823
1741289,C√Ä PH√ä,1075823
1741290,SODA,1075823
2501539,Kh√¥ Lon Pet,1075823
1871795,M√ìN B√ÅN CH·∫†Y,1026345
1141373,M√ìN ƒÇN,1026345
1871796,M√ìN TH√äM,1026345
1141374,N∆Ø·ªöC U·ªêNG,1026345
562719,C∆°m T·∫•m,896787
725067,C∆†M TR∆ØA,896787
1210492,Combo Now,896787
562720,M√≥n th√™m,896787
729462,N∆∞·ªõc u·ªëng,896787
4986900,Menu,1150762
4986901,Kh√°c,1150762
4950476,M√≥n ch√≠nh,1150417
4950478,M√≥n th√™m,1150417
4950479,Tr√°ng mi·ªáng,1150417
4950480,Th·ª©c u·ªëng kh√¥ng c·ªìn,1150417
4950481,Th·ª©c u·ªëng c√≥ c·ªìn,1150417
4950482,Tr·ªï t√†i t·∫°i gia,1150417
4865592,ƒê·ªì u·ªëng,1149701
4865589,Menu,1149701
4173629,Menu,1130175
1044233,COMBO B√öN ƒê·∫¨U M·∫∏T,1002911
1044231,B√öN ƒê·∫¨U,1002911
1044232,B√öN ƒê·∫¨U CHAY,1002911
1044230,ƒê·ªí ƒÇN TH√äM,1002911
1044229,GI·∫¢I KH√ÅT,1002911
-1,M√≥n ƒêang Gi·∫£m,1140870
5002822,H·ªç ƒë√£ tr·ªü l·∫°i! / They are back!!,1140870
3990955,Twelve C∆°m g√† H·∫£i Nam Singapore,1140870
3990977,Twelve C∆°m G√† Quay (Roasted),1140870
3990994,Twelve C∆°m G√† X√¨ D·∫ßu (Soya Sauce),1140870
3991003,C∆°m D·ª´a G√† G√≥c T∆∞ (Coconut Rice),1140870
4124521,Twelve  C∆°m D·ª´a (Nasi Lemak) Singapore,1140870
3991027,Twelve C∆°m D·ª´a Bento (Coconut Rice),1140870
3991186,Twelve S√∫p / Soup,1140870
3991204,Mon An Phu / Side Dishes,1140870
3991223,Anna Nuoc Uong,1140870
3991243,Anna N∆∞·ªõc √©p tr√°i c√¢y t∆∞∆°i,1140870
3991260,Anna - N∆∞·ªõc √©p tr√°i c√¢y t∆∞∆°i kh√¥ng ƒë√°,1140870
3991275,Anna - Sinh To / Tra,1140870
3991299,Anna - Nuoc Ngot,1140870
3991378,Twelve Mart,1140870
2667730,Tr√† S·ªßi B·ªçt,1029830
2667731,Tr√† S·ªØa,1029830
2667739,Hibicus,1029830
3020760,C√† Ph√™,1029830
3946166,Cold Brew,1029830
3946169,Topping Gi√≤n Giai,1029830
3965902,C√† ph√™,1140596
3965841,Tr√† s·ªØa,1140596
3965815,H·ªìng tr√†,1140596
3965753,S·ªØa t∆∞∆°i ƒë∆∞·ªùng ƒëen,1140596
3873380,SF Cu·ªën.,1138824
3873381,SF N∆∞·ªõc,1138824
3873382,SF KhƒÉn L·∫°nh,1138824
3799648,ƒê·ªì u·ªëng,1137909
3799639,ƒê·ªì ƒÉn,1137909
3797428,M√å QU·∫¢NG,1137236
3797426,B√ÅNH,1137236
3797427,B√öN,1137236
3797429,T√âP ƒê·ªíNG,1137236
3797430,G·ªéI - X√ÄO,1137236
3797431,RAM,1137236
3797432,DON - H·∫æN -·ªêC,1137236
3797433,C√Å,1137236
3797439,TH·ªäT,1137236
3797440,TR√ÅNG MI·ªÜNG,1137236
16259,S√∫p,104663
16260,Khai V·ªã Chay,104663
16262,Khai V·ªã,104663
62438,Rau c·ªß n∆∞·ªõng l√≤ ƒë·∫•t s√©t,104663
62442,Th·ªãt N∆∞·ªõng L√≤ ƒê·∫•t S√©t,104663
62456,C√°c M√≥n D√™,104663
16264,C√°c M√≥n G√†,104663
16265,C√°c M√≥n H·∫£i S·∫£n,104663
16269,C√°c M√≥n Chay,104663
16285,Set Menu (Thali),104663
16286,Biryani,104663
16287,C∆°m N·∫•u T·ª´ G·∫°o Basmati ·∫§n ƒê·ªô,104663
16289,Salad V√† Raita,104663
16288,Dosa,104663
16258,M√≥n ƒÇn ƒê∆∞·ª£c ∆Øa Th√≠ch,104663
16290,Tandoori Naan / B√°nh M√¨,104663
16297,Tr√°ng Mi·ªáng & Th·ª©c U·ªëng,104663
384912,C∆°m,718197
384911,M·ª≥ / b√∫n / ph·ªü,718197
1128567,Burger / sandwich / b√°nh m√¨,718197
384915,X√† l√°ch / g·ªèi cu·ªën / ch·∫£ gi√≤,718197
480290,Drinks,718197
1723107,Menu m√¢m h·∫£i s·∫£n Rivia,702890
429770,M√≥n ƒÉn ƒë·∫∑c tr∆∞ng,702890
429775,G·ªèi - Salad - C√°c m√≥n khai v·ªã l·∫°nh,702890
429779,C√°c m√≥n khai v·ªã n√≥ng,702890
429769,C√°c m√≥n chi√™n gi√≤n,702890
429786,C∆°m - C√°c m√≥n ƒÉn s·ª£i,702890
429785,Rau - C√°c m√≥n ƒÉn ph·ª•,702890
429774,S√∫p - Ch√°o,702890
429772,Th·ªãt - Gia c·∫ßm,702890
429776,S√≤ - ·ªêc,702890
429766,C√°,702890
429767,T√¥m - Cua,702890
429768,L·∫©u,702890
429773,Tr√°ng mi·ªáng,702890
1329062,Best Seller,257
444711,B√∫n - Mi·∫øn - B√°nh ƒêa Cua,257
444712,Menu L√†ng Cua,257
444722,M√≥n M·∫∑n,257
444719,M√≥n Rau Lu·ªôc,257
444721,M√≥n Rau X√†o,257
444724,M√≥n Th·ªãt,257
444723,M√≥n C√° - T√©p - ·∫æch,257
444725,M√≥n C∆°m Canh,257
444717,M√≥n L·∫©u,257
444727,M√¢m C∆°m Gia ƒê√¨nh,257
444718,M√≥n Chay,257
1156967,M√≥n Th√™m Cho L·∫©u,257
534148,M√≥n N∆∞·ªõc ,257
1027525,H√†ng T·∫øt ƒê·∫∑c S·∫£n Mi·ªÅn B·∫Øc,257
444715,Tr√°ng Mi·ªáng,257
444714,N∆∞·ªõc Gi·∫£i Kh√°t,257
1225401,G√† Lu·ªôc Nguy√™n Con,1038229
1225396,C∆°m G√†,1038229
2274838,"M√≥n B√∫n, Ch√°o, Mi·∫øn",1038229
1225406,COMBO BESTSELLER ( Gi·∫£m 20%),1038229
1225411,M√ìN NGON PH√ö Y√äN,1038229
1225410,M·∫∏T G√Ä,1038229
1225409,SET COMBO,1038229
1225422,G·ªçi Th√™m,1038229
1225424,N∆∞·ªõc Gi·∫£i Kh√°t,1038229
1563707,M·ª•c Th·ª´a,1038229
1142373,M√≥n N∆∞·ªõng,944572
1142436,M√≥n Chi√™n X√†o,944572
1142312,C∆°m/ M√¨ / Ch√°o,944572
676263,G·ªèi,944572
676266,M√≥n L·∫°,944572
1182799,M√≥n Ngon,944572
676268,T√¥m,944572
676270,Lai Rai Bia,944572
676271,G√†,944572
676272,Rau,944572
676276,M√≥n Khay,944572
676278,C∆°m,944572
676280,L·∫©u,944572
1142445,M√≥n Nem / Ch·∫£,944572
-1,M√≥n ƒêang Gi·∫£m,759929
2932398,KHUY·∫æN M√ÉI,759929
1616748,M√ìN M·ªöI,759929
462698,"M√¨, Mi·∫øn, B√∫n",759929
462676,"C∆°m, Ch√°o, X√¥i",759929
1062937,"H√° c·∫£o, X√≠u m·∫°i",759929
462253,"Dimsum h·∫•p, chi√™n",759929
1062938,"ƒê√πi, C√°nh g√†",759929
1062939,B√°nh ng·ªçt Dessert,759929
1115435,M√≥n chay - Vegan,759929
